GTFS Stop ID,GTFS Latitude,GTFS Longitude,Grad/Bach Deg 2014S31,40.643748,-74.073643,0.465352829S30,40.636949,-74.074835,0.194241983S29,40.627915,-74.075162,0.194241983S28,40.621319,-74.071402,0.391304348S27,40.603117,-74.084087,0.380831826S26,40.596612,-74.087368,0.27212899S25,40.588849,-74.09609,0.314457831S24,40.583591,-74.103338,0.217425126S23,40.578965,-74.109704,0.314682689S22,40.57348,-74.11721,0.32371134S21,40.56511,-74.12632,0.417279412S20,40.5564,-74.136907,0.281914894S19,40.551231,-74.151399,0.285219649S18,40.544601,-74.16457,0.285219649S17,40.54046,-74.178217,0.315164434S16,40.533674,-74.191794,0.315164434S15,40.525507,-74.200064,0.35870049S14,40.52241,-74.217847,0.280481769S13,40.519631,-74.229141,0.280481769S11,40.516578,-74.242096,0.259993604S09,40.512764,-74.251961,0.259993604S04,40.670343,-73.959245,0.278779928S03,40.674772,-73.957624,0.462765957S01,40.680596,-73.955827,0.412773723R45,40.616622,-74.030876,0.515545061R44,40.622687,-74.028398,0.412794613R43,40.629742,-74.02551,0.557025384R42,40.634967,-74.023377,0.287713841R41,40.641362,-74.017881,0.140098099R40,40.645069,-74.014034,0.264973346R39,40.648939,-74.010006,0.271645022R36,40.655144,-74.003549,0.191393994R35,40.660397,-73.998091,0.29254571R34,40.665414,-73.992872,0.485801995R33,40.670847,-73.988302,0.642973193R32,40.677316,-73.98311,0.772491909R31,40.683666,-73.97881,0.586690018R30,40.690635,-73.981824,0.550782449R29,40.69218,-73.985942,0.796875R28,40.6941,-73.991777,0.841103086R27,40.703087,-74.012994,0.722810395R26,40.70722,-74.013342,0.840752913R25,40.710668,-74.011029,0.840752913R24,40.713282,-74.006978,0.697018533R23,40.719527,-74.001775,0.734545455R22,40.724329,-73.997702,0.689232565R21,40.730328,-73.992629,0.842170671R20,40.735736,-73.990568,0.834766863R19,40.741303,-73.989344,0.766064982R18,40.745494,-73.988691,0.752247191R17,40.749567,-73.98795,0.634974533R16,40.754672,-73.986754,0.44R15,40.759901,-73.984139,0.797131148R14,40.764664,-73.980658,0.808947368R11,40.76266,-73.967258,0.823145124R08,40.752882,-73.932755,0.247282609R06,40.756804,-73.929575,0.393278433R05,40.76182,-73.925508,0.434561246R04,40.766779,-73.921479,0.443234185R03,40.770258,-73.917843,0.415272727R01,40.775036,-73.912034,0.330065359Q05,40.784318,-73.947152,0.4256472Q04,40.777891,-73.951787,0.871022247Q03,40.768799,-73.958424,0.783828687Q01,40.718383,-74.00046,0.697018533N10,40.592721,-73.97823,0.179601788N09,40.597473,-73.979137,0.141025641N08,40.603923,-73.980353,0.195644891N07,40.611815,-73.981848,0.254920942N06,40.61741,-73.985026,0.168433005N05,40.620671,-73.990414,0.184878913N04,40.624842,-73.996353,0.132398754N03,40.631386,-74.005351,0.147959184N02,40.635064,-74.011719,0.059507524M23,40.706476,-74.011056,0.832310838M22,40.710374,-74.007582,0.648432821M21,40.713243,-74.003401,0.172598546M20,40.718092,-73.999892,0.342186736M19,40.72028,-73.993915,0.372928582M18,40.718315,-73.987437,0.372928582M16,40.708359,-73.957757,0.115407147M14,40.70687,-73.953431,0.115407147M13,40.703869,-73.947408,0.04676259M12,40.70026,-73.941126,0.206896552M11,40.697207,-73.935657,0.291306558M10,40.697857,-73.927397,0.177009873M09,40.698664,-73.919711,0.133112981M08,40.69943,-73.912385,0.144707459M06,40.702762,-73.90774,0.136520737M05,40.704423,-73.903077,0.159724613M04,40.706186,-73.895877,0.194687842M01,40.711396,-73.889601,0.194687842L29,40.646654,-73.90185,0.182359307L28,40.650573,-73.899485,0.232445521L27,40.658733,-73.899232,0.204371585L26,40.664038,-73.900571,0.033333333L25,40.669367,-73.901975,0.074626866L24,40.675345,-73.903097,0.11327832L22,40.678856,-73.90324,0.206759443L21,40.682829,-73.905249,0.151950719L20,40.688764,-73.904046,0.140350877L19,40.695602,-73.904084,0.193025142L17,40.699814,-73.911586,0.144707459L16,40.703811,-73.918425,0.159695817L15,40.706607,-73.922913,0.210817455L14,40.706152,-73.933147,0.402711864L13,40.707739,-73.93985,0.239579422L12,40.711926,-73.94067,0.589224138L11,40.714565,-73.944053,0.569416499L10,40.714063,-73.950275,0.418838219L08,40.717304,-73.956872,0.560471976L06,40.730953,-73.981628,0.71979204L05,40.732849,-73.986122,0.761322314L03,40.734789,-73.99073,0.865326935L02,40.737335,-73.996786,0.883699293L01,40.739777,-74.002578,0.859160164J31,40.693342,-73.928814,0.205161855J30,40.68963,-73.92227,0.149482215J29,40.68637,-73.916559,0.149482215J28,40.682893,-73.910456,0.126450825J27,40.679498,-73.904512,0.151950719J24,40.676992,-73.898654,0.143452106J23,40.678024,-73.891688,0.143452106J22,40.679947,-73.884639,0.15494012J21,40.68141,-73.880039,0.154819501J20,40.683194,-73.873785,0.101661779J19,40.689941,-73.87255,0.105686695J17,40.691324,-73.867139,0.139973082J16,40.692435,-73.86001,0.245882804J15,40.693879,-73.851576,0.305293006J14,40.695178,-73.84433,0.18018018J13,40.697418,-73.836345,0.220619658J12,40.700492,-73.828294,0.143196203H15,40.580903,-73.835592,0.238023197H14,40.583209,-73.827559,0.238023197H13,40.585307,-73.820558,0.254042553H12,40.588034,-73.813641,0.262064557H11,40.603995,-73.755405,0.299148764H10,40.600066,-73.761353,0.17518109H09,40.595398,-73.768175,0.169699534H08,40.592943,-73.776013,0.170020819H07,40.592374,-73.788522,0.170020819H06,40.590927,-73.796924,0.193465909H04,40.608382,-73.815925,0.123687281H03,40.660476,-73.830301,0.193059361H02,40.668234,-73.834058,0.175438596H01,40.672097,-73.835919,0.177998894G36,40.687119,-73.975375,0.693513278G35,40.688089,-73.966839,0.666910688G34,40.688873,-73.96007,0.564782776G33,40.689627,-73.953522,0.297372061G32,40.694568,-73.949046,0.208196721G31,40.700377,-73.950234,0.033821871G30,40.706092,-73.950308,0.205900816G29,40.712792,-73.951418,0.418838219G28,40.724635,-73.951277,0.503965393G26,40.731352,-73.954449,0.447308782G24,40.744065,-73.949724,0.569140537G22,40.746554,-73.943832,0.661233168G21,40.748973,-73.937243,0.142857143G20,40.752039,-73.928781,0.142857143G19,40.756879,-73.92074,0.415929204G18,40.756312,-73.913333,0.30125523G16,40.752885,-73.906006,0.479768786G15,40.749669,-73.898453,0.3447343G14,40.746644,-73.891338,0.299171391G13,40.742454,-73.882017,0.257042254G12,40.737015,-73.877223,0.283529787G11,40.733106,-73.869229,0.347551817G10,40.729846,-73.861604,0.445540117G09,40.726523,-73.852719,0.529842214G08,40.721691,-73.844521,0.583149103G07,40.702566,-73.816859,0.428435719G06,40.700486,-73.807969,0.140022051G05,40.702147,-73.801109,#DIV/0!F39,40.581011,-73.974574,0.385207434F38,40.58962,-73.97425,0.187303583F36,40.596063,-73.973357,0.220758693F35,40.603217,-73.972361,0.202947846F34,40.608944,-73.973022,0.271028037F33,40.61514,-73.974197,0.406015038F32,40.620769,-73.975264,0.263157895F31,40.625322,-73.976127,0.445419103F30,40.629755,-73.976971,0.225606854F29,40.636119,-73.978172,0.209131075F27,40.644041,-73.979678,0.299546632F26,40.650782,-73.975776,0.527237887F25,40.660365,-73.979493,0.495266272F24,40.666271,-73.980305,0.788958496F23,40.670272,-73.989779,0.502124646F22,40.67358,-73.995959,0.472F21,40.680303,-73.995048,0.617348508F20,40.686145,-73.990862,0.768262845F18,40.701397,-73.986751,0.808080808F16,40.713715,-73.990173,0.19226895F15,40.718611,-73.988114,0.372928582F14,40.723402,-73.989938,0.547033898F12,40.760167,-73.975224,0.505F11,40.757552,-73.969055,0.772867262F09,40.747846,-73.946,0.569140537F07,40.718331,-73.837324,0.698826597F06,40.714441,-73.831008,0.320754717F05,40.709179,-73.820574,0.428435719F04,40.70546,-73.810708,0.200788596F03,40.707564,-73.803326,0.310363538F02,40.71047,-73.793604,0.242912874F01,40.712646,-73.783817,0.161313096E01,40.712582,-74.009781,0.89621977D43,40.577422,-73.981233,0.33983082D42,40.576127,-73.975939,0.385207434D41,40.576312,-73.968501,0.167024211D40,40.577621,-73.961376,0.389269747D39,40.586896,-73.954155,0.332489879D38,40.595246,-73.955161,0.187205034D37,40.5993,-73.955929,0.25206432D35,40.60867,-73.957734,0.398848369D34,40.617618,-73.959399,0.424938875D33,40.625039,-73.960803,0.42899061D32,40.62927,-73.961639,0.42899061D31,40.635082,-73.962793,0.412393162D30,40.640927,-73.963891,0.412393162D29,40.644031,-73.964492,0.498319014D28,40.650527,-73.962982,0.220154664D27,40.655292,-73.961495,0.247808149D26,40.661614,-73.962246,0.28287037D25,40.67705,-73.972367,0.748D24,40.68446,-73.97689,0.490491284D22,40.718267,-73.993753,0.372928582D21,40.725297,-73.996204,0.689232565D19,40.738228,-73.996209,0.749873032D18,40.742878,-73.992821,0.793296089D17,40.749719,-73.987823,0.634974533D16,40.754222,-73.984569,0.44D15,40.758663,-73.981329,0.606060606D14,40.762862,-73.981637,0.704535997D12,40.830135,-73.938209,0.102633969D11,40.827905,-73.925651,0.139848702D10,40.833771,-73.91844,0.089906497D09,40.839306,-73.9134,0.095535714D08,40.8459,-73.910136,0.178894786D07,40.85041,-73.905227,0.043143813D06,40.856093,-73.900741,0.100619759D05,40.861296,-73.897749,0.091743119D04,40.866978,-73.893509,0.064803564D03,40.873244,-73.887138,0.202470687D01,40.874811,-73.878855,0.209122536B23,40.588841,-73.983765,0.187303583B22,40.597704,-73.986829,0.148771457B21,40.601875,-73.993728,0.234122984B20,40.604556,-73.998168,0.185200669B19,40.607954,-74.001736,0.246642247B18,40.613501,-74.00061,0.169536424B17,40.619589,-73.998864,0.15982009B16,40.626472,-73.996895,0.132398754B15,40.631435,-73.995476,0.162991786B14,40.63626,-73.994791,0.172893136B13,40.640914,-73.994304,0.199790246B12,40.646292,-73.994324,0.145087833B10,40.763972,-73.97745,0.78125B08,40.764629,-73.966113,0.823145124B06,40.759145,-73.95326,0.635524026B04,40.754203,-73.942836,0.104714226A65,40.685951,-73.825798,0.187006146A64,40.684331,-73.832163,0.131602507A63,40.681711,-73.837683,0.154069767A61,40.680429,-73.843853,0.210691824A60,40.679843,-73.85147,0.169200995A59,40.679371,-73.858992,0.201310861A57,40.677044,-73.86505,0.185863874A55,40.675377,-73.872106,0.109521028A54,40.67413,-73.88075,0.10564663A53,40.67271,-73.890358,0.059302326A52,40.674542,-73.896548,0.143452106A51,40.678334,-73.905316,0.140461216A50,40.67834,-73.911946,0.135046473A49,40.678822,-73.920786,0.135046473A48,40.679364,-73.930729,0.39143469A47,40.679921,-73.940858,0.172362556A46,40.680438,-73.950426,0.338393422A45,40.68138,-73.956848,0.412773723A44,40.683263,-73.965838,0.602002503A43,40.686113,-73.973946,0.747292419A42,40.688484,-73.985001,0.713999332A41,40.692338,-73.987342,0.796875A40,40.699337,-73.990531,0.51907131A38,40.710197,-74.007691,0.850358423A36,40.714111,-74.008585,0.89621977A34,40.720824,-74.005229,0.904567492A33,40.726227,-74.003739,0.792725461A32,40.732338,-74.000495,0.833988641A31,40.740893,-74.00169,0.766561965A30,40.745906,-73.998041,0.800284546A28,40.752287,-73.993391,0.924528302A27,40.757308,-73.989735,0.250704225A25,40.762456,-73.985984,0.704535997A24,40.768296,-73.981736,0.844034378A17,40.800603,-73.958161,0.393861893A16,40.805085,-73.954882,0.439918117A15,40.811109,-73.952343,0.620664207A14,40.817894,-73.947649,0.547134935A12,40.824783,-73.944216,0.487404408A11,40.830518,-73.941514,0.227537923A10,40.836013,-73.939892,0.225119354A09,40.840719,-73.939561,0.179630666A07,40.847391,-73.939704,0.173286991A06,40.851695,-73.937969,0.662005121A05,40.859022,-73.93418,0.758862144A03,40.865491,-73.927271,0.394940267A02,40.868072,-73.919899,0.199966449902,40.755983,-73.986229,0.250704225901,40.752769,-73.979189,0.75128999726,40.755882,-74.00191,0.796538624725,40.755477,-73.987691,0.44724,40.753821,-73.981963,0.826056826723,40.751431,-73.976041,0.834133653721,40.742626,-73.953581,0.569140537720,40.742216,-73.948916,0.760594293719,40.747023,-73.945264,0.661233168718,40.750582,-73.940202,0.661233168716,40.744587,-73.930997,0.189393939715,40.743781,-73.924016,0.288124594714,40.743132,-73.918435,0.344013491713,40.744149,-73.912549,0.334910123712,40.74563,-73.902984,0.3447343711,40.746325,-73.896403,0.320688226710,40.746848,-73.891394,0.299171391709,40.747659,-73.883697,0.263275573708,40.748408,-73.876613,0.239828694707,40.749145,-73.869527,0.070809249706,40.749865,-73.8627,0.057902231705,40.75173,-73.855334,0.205905512702,40.754622,-73.845625,0.320754717701,40.7596,-73.83003,0.401742086640,40.713065,-74.004131,0.172598546639,40.718803,-74.000193,0.734545455638,40.722301,-73.997141,0.734545455637,40.725915,-73.994659,0.869073276636,40.730054,-73.99107,0.842170671635,40.734673,-73.989951,0.834766863634,40.739864,-73.986599,0.75931958633,40.74307,-73.984264,0.75931958632,40.746081,-73.982076,0.835871133631,40.751776,-73.976848,0.834133653630,40.757107,-73.97192,0.699778024629,40.762526,-73.967967,0.823145124628,40.768141,-73.96387,0.742487981627,40.77362,-73.959874,0.849331963626,40.779492,-73.955589,0.860110803625,40.785672,-73.95107,0.838238931624,40.7906,-73.947478,0.299837596623,40.79502,-73.94425,0.251082251622,40.798629,-73.941617,0.242457608621,40.804138,-73.937594,0.11533052619,40.810476,-73.926138,0.042130098618,40.807566,-73.91924,0.033839977617,40.805368,-73.914042,0.067393059616,40.808719,-73.907657,0.174444444615,40.812118,-73.904098,0.085117773614,40.816104,-73.896435,0.099914114613,40.820948,-73.890549,0.092664093612,40.826525,-73.886283,0.16279913611,40.828584,-73.879159,0.047161572610,40.829521,-73.874516,0.058544985609,40.831509,-73.867618,0.1425608,40.833226,-73.860816,0.17193087607,40.834255,-73.851222,0.154273372606,40.836488,-73.847036,0.199891363604,40.839892,-73.842952,0.199891363603,40.843863,-73.836322,0.187607998602,40.84681,-73.832569,0.182628062601,40.852462,-73.828121,0.313255814505,40.854364,-73.860495,0.286452126504,40.858985,-73.855359,0.3208441503,40.869526,-73.846384,0.270550678502,40.878663,-73.838591,0.230357143501,40.8883,-73.830834,0.217391304423,40.692404,-73.990151,0.841103086420,40.704817,-74.014065,0.840752913419,40.707557,-74.011862,0.832310838418,40.710368,-74.009509,0.850358423416,40.813224,-73.929849,0.081942337415,40.818375,-73.927351,0.081942337414,40.827994,-73.925831,0.196757965413,40.835537,-73.9214,0.089906497412,40.840075,-73.917791,0.069991251411,40.844434,-73.914685,0.134541985410,40.84848,-73.911794,0.08248062409,40.853453,-73.907684,0.12590328408,40.858407,-73.903879,0.135390947407,40.862803,-73.901034,0.156576981406,40.86776,-73.897174,0.149488927405,40.873412,-73.890064,0.266642148402,40.87975,-73.884655,0.27922815401,40.886037,-73.878751,0.183808474302,40.820421,-73.936245,0.341443633301,40.82388,-73.93647,0.243959305257,40.666235,-73.884079,0.157319392256,40.665449,-73.889395,0.157319392255,40.664635,-73.894895,0.098886414254,40.663515,-73.902447,0.17247191253,40.662549,-73.908946,0.046457219252,40.661453,-73.916327,0.102588235251,40.664717,-73.92261,0.050508069250,40.668897,-73.932942,0.099830221249,40.669399,-73.942161,0.352802822248,40.669847,-73.950466,0.187662902247,40.632836,-73.947642,0.293625914246,40.639967,-73.948411,0.203558911245,40.645098,-73.948959,0.161546901244,40.650843,-73.949575,0.216313214243,40.656652,-73.9502,0.239617666242,40.662742,-73.95085,0.25014245241,40.667883,-73.950683,0.187662902239,40.670682,-73.958131,0.278779928238,40.671987,-73.964375,#DIV/0!237,40.675235,-73.971046,0.823772484236,40.680829,-73.975098,0.66375235,40.684359,-73.977666,0.490491284234,40.688246,-73.980492,0.665178571233,40.690545,-73.985065,0.665178571232,40.693219,-73.989998,0.796875231,40.697466,-73.993086,0.812632322230,40.706821,-74.0091,0.832310838229,40.709416,-74.006571,0.850358423228,40.713051,-74.008811,0.89621977227,40.799075,-73.951822,0.158815612226,40.802098,-73.949625,0.497659176225,40.807754,-73.945495,0.530040733224,40.814229,-73.94077,0.386144236222,40.81841,-73.926718,0.081942337221,40.816109,-73.917757,0.097787081220,40.81649,-73.907807,0.140707035219,40.819585,-73.90177,0.056481712218,40.822181,-73.896736,0.064057971217,40.824073,-73.893064,0.074451411216,40.829993,-73.891865,0.190288196215,40.837288,-73.887734,0.078224101214,40.840295,-73.880049,0.046319272213,40.841894,-73.873488,0.117298578212,40.848828,-73.868457,0.117298578211,40.857192,-73.867615,0.286904211210,40.865462,-73.867352,0.212774451209,40.871356,-73.867164,0.212774451208,40.87785,-73.866256,0.19744545207,40.883895,-73.862633,0.27255814206,40.888022,-73.860341,0.180327869205,40.893193,-73.857473,0.17658258204,40.898379,-73.854376,0.154787932201,40.903125,-73.85062,0.151843818142,40.702068,-74.013664,0.722810395139,40.707513,-74.013783,0.840752913138,40.711835,-74.012188,0.840752913137,40.715478,-74.009266,0.89621977136,40.719318,-74.006886,0.904567492135,40.722854,-74.006277,0.724524622134,40.728251,-74.005367,0.724524622133,40.733422,-74.002906,0.772443334132,40.737826,-74.000201,0.816441931131,40.74104,-73.997871,0.766561965130,40.744081,-73.995657,0.800284546129,40.747215,-73.993365,0.901603096128,40.750373,-73.991057,0.634974533127,40.75529,-73.987495,0.44126,40.761728,-73.983849,0.704535997125,40.768247,-73.981929,0.844034378124,40.77344,-73.982209,0.798373288123,40.778453,-73.98197,0.867780965122,40.783934,-73.979917,0.816773194121,40.788644,-73.976218,0.811845861120,40.793919,-73.972323,0.750847708119,40.799446,-73.968379,0.797798973118,40.803967,-73.966847,0.760335917117,40.807722,-73.96411,0.809968847116,40.815581,-73.958372,0.588274132115,40.822008,-73.953676,0.22230567114,40.826551,-73.95036,0.209628079113,40.834041,-73.94489,0.296098986112,40.840556,-73.940133,0.179630666111,40.849505,-73.933596,0.18401893110,40.855225,-73.929412,0.146041056109,40.860531,-73.925536,0.398239254108,40.864621,-73.918822,0.125422456107,40.869444,-73.915279,0.523022847106,40.874561,-73.909831,0.222744531104,40.878856,-73.904834,0.143418468103,40.884667,-73.90087,0.143418468101,40.889248,-73.898583,0.417194929