GTFS Stop ID,GTFS Latitude,GTFS Longitude,StateR01,40.775036,-73.912034,NYR03,40.770258,-73.917843,NYR04,40.766779,-73.921479,NYR05,40.76182,-73.925508,NYR06,40.756804,-73.929575,NYR08,40.752882,-73.932755,NYR11,40.76266,-73.967258,NYR13,40.764811,-73.973347,NYR14,40.764664,-73.980658,NYR15,40.759901,-73.984139,NYR16,40.754672,-73.986754,NYR17,40.749567,-73.98795,NYR18,40.745494,-73.988691,NYR19,40.741303,-73.989344,NYR20,40.735736,-73.990568,NYR21,40.730328,-73.992629,NYR22,40.724329,-73.997702,NYR23,40.719527,-74.001775,NYQ01,40.718383,-74.00046,NYR24,40.713282,-74.006978,NYR25,40.710668,-74.011029,NYR26,40.70722,-74.013342,NYR27,40.703087,-74.012994,NYR28,40.6941,-73.991777,NYR29,40.69218,-73.985942,NYR30,40.690635,-73.981824,NYR31,40.683666,-73.97881,NYR32,40.677316,-73.98311,NYR33,40.670847,-73.988302,NYR34,40.665414,-73.992872,NYR35,40.660397,-73.998091,NYR36,40.655144,-74.003549,NYR39,40.648939,-74.010006,NYR40,40.645069,-74.014034,NYR41,40.641362,-74.017881,NYR42,40.634967,-74.023377,NYR43,40.629742,-74.02551,NYR44,40.622687,-74.028398,NYR45,40.616622,-74.030876,NYD24,40.68446,-73.97689,NYD25,40.67705,-73.972367,NYD26,40.661614,-73.962246,NYD27,40.655292,-73.961495,NYD28,40.650527,-73.962982,NYD29,40.644031,-73.964492,NYD30,40.640927,-73.963891,NYD31,40.635082,-73.962793,NYD32,40.62927,-73.961639,NYD33,40.625039,-73.960803,NYD34,40.617618,-73.959399,NYD35,40.60867,-73.957734,NYD37,40.5993,-73.955929,NYD38,40.595246,-73.955161,NYD39,40.586896,-73.954155,NYD40,40.577621,-73.961376,NYD41,40.576312,-73.968501,NYD42,40.576127,-73.975939,NYD43,40.577422,-73.981233,NYB12,40.646292,-73.994324,NYB13,40.640914,-73.994304,NYB14,40.63626,-73.994791,NYB15,40.631435,-73.995476,NYB16,40.626472,-73.996895,NYB17,40.619589,-73.998864,NYB18,40.613501,-74.00061,NYB19,40.607954,-74.001736,NYB20,40.604556,-73.998168,NYB21,40.601875,-73.993728,NYB22,40.597704,-73.986829,NYB23,40.588841,-73.983765,NYN02,40.635064,-74.011719,NYN03,40.631386,-74.005351,NYN04,40.624842,-73.996353,NYN05,40.620671,-73.990414,NYN06,40.61741,-73.985026,NYN07,40.611815,-73.981848,NYN08,40.603923,-73.980353,NYN09,40.597473,-73.979137,NYN10,40.592721,-73.97823,NYJ12,40.700492,-73.828294,NYJ13,40.697418,-73.836345,NYJ14,40.695178,-73.84433,NYJ15,40.693879,-73.851576,NYJ16,40.692435,-73.86001,NYJ17,40.691324,-73.867139,NYJ19,40.689941,-73.87255,NYJ20,40.683194,-73.873785,NYJ21,40.68141,-73.880039,NYJ22,40.679947,-73.884639,NYJ23,40.678024,-73.891688,NYJ24,40.676992,-73.898654,NYJ27,40.679498,-73.904512,NYJ28,40.682893,-73.910456,NYJ29,40.68637,-73.916559,NYJ30,40.68963,-73.92227,NYJ31,40.693342,-73.928814,NYM11,40.697207,-73.935657,NYM12,40.70026,-73.941126,NYM13,40.703869,-73.947408,NYM14,40.70687,-73.953431,NYM16,40.708359,-73.957757,NYM18,40.718315,-73.987437,NYM19,40.72028,-73.993915,NYM20,40.718092,-73.999892,NYM21,40.713243,-74.003401,NYM22,40.710374,-74.007582,NYM23,40.706476,-74.011056,NYM01,40.711396,-73.889601,NYM04,40.706186,-73.895877,NYM05,40.704423,-73.903077,NYM06,40.702762,-73.90774,NYM08,40.69943,-73.912385,NYM09,40.698664,-73.919711,NYM10,40.697857,-73.927397,NYL01,40.739777,-74.002578,NYL02,40.737335,-73.996786,NYL03,40.734789,-73.99073,NYL05,40.732849,-73.986122,NYL06,40.730953,-73.981628,NYL08,40.717304,-73.956872,NYL10,40.714063,-73.950275,NYL11,40.714565,-73.944053,NYL12,40.711926,-73.94067,NYL13,40.707739,-73.93985,NYL14,40.706152,-73.933147,NYL15,40.706607,-73.922913,NYL16,40.703811,-73.918425,NYL17,40.699814,-73.911586,NYL19,40.695602,-73.904084,NYL20,40.688764,-73.904046,NYL21,40.682829,-73.905249,NYL22,40.678856,-73.90324,NYL24,40.675345,-73.903097,NYL25,40.669367,-73.901975,NYL26,40.664038,-73.900571,NYL27,40.658733,-73.899232,NYL28,40.650573,-73.899485,NYL29,40.646654,-73.90185,NYS01,40.680596,-73.955827,NYS03,40.674772,-73.957624,NYS04,40.670343,-73.959245,NYA02,40.868072,-73.919899,NYA03,40.865491,-73.927271,NYA05,40.859022,-73.93418,NYA06,40.851695,-73.937969,NYA07,40.847391,-73.939704,NYA09,40.840719,-73.939561,NYA10,40.836013,-73.939892,NYA11,40.830518,-73.941514,NYA12,40.824783,-73.944216,NYA14,40.817894,-73.947649,NYA15,40.811109,-73.952343,NYA16,40.805085,-73.954882,NYA17,40.800603,-73.958161,NYA18,40.796092,-73.961454,NYA19,40.791642,-73.964696,NYA20,40.785868,-73.968916,NYA21,40.781433,-73.972143,NYA22,40.775594,-73.97641,NYA24,40.768296,-73.981736,NYA25,40.762456,-73.985984,NYA27,40.757308,-73.989735,NYA28,40.752287,-73.993391,NYA30,40.745906,-73.998041,NYA31,40.740893,-74.00169,NYA32,40.732338,-74.000495,NYA33,40.726227,-74.003739,NYA34,40.720824,-74.005229,NYA36,40.714111,-74.008585,NYE01,40.712582,-74.009781,NYA38,40.710197,-74.007691,NYA40,40.699337,-73.990531,NYA41,40.692338,-73.987342,NYA42,40.688484,-73.985001,NYA43,40.686113,-73.973946,NYA44,40.683263,-73.965838,NYA45,40.68138,-73.956848,NYA46,40.680438,-73.950426,NYA47,40.679921,-73.940858,NYA48,40.679364,-73.930729,NYA49,40.678822,-73.920786,NYA50,40.67834,-73.911946,NYA51,40.678334,-73.905316,NYA52,40.674542,-73.896548,NYA53,40.67271,-73.890358,NYA54,40.67413,-73.88075,NYA55,40.675377,-73.872106,NYA57,40.677044,-73.86505,NYA59,40.679371,-73.858992,NYA60,40.679843,-73.85147,NYA61,40.680429,-73.843853,NYA63,40.681711,-73.837683,NYA64,40.684331,-73.832163,NYA65,40.685951,-73.825798,NYH01,40.672097,-73.835919,NYH02,40.668234,-73.834058,NYH03,40.660476,-73.830301,NYH04,40.608382,-73.815925,NYH12,40.588034,-73.813641,NYH13,40.585307,-73.820558,NYH14,40.583209,-73.827559,NYH15,40.580903,-73.835592,NYH06,40.590927,-73.796924,NYH07,40.592374,-73.788522,NYH08,40.592943,-73.776013,NYH09,40.595398,-73.768175,NYH10,40.600066,-73.761353,NYH11,40.603995,-73.755405,NYD01,40.874811,-73.878855,NYD03,40.873244,-73.887138,NYD04,40.866978,-73.893509,NYD05,40.861296,-73.897749,NYD06,40.856093,-73.900741,NYD07,40.85041,-73.905227,NYD08,40.8459,-73.910136,NYD09,40.839306,-73.9134,NYD10,40.833771,-73.91844,NYD11,40.827905,-73.925651,NYD12,40.830135,-73.938209,NYB04,40.754203,-73.942836,NYB06,40.759145,-73.95326,NYB08,40.764629,-73.966113,NYB10,40.763972,-73.97745,NYD15,40.758663,-73.981329,NYD16,40.754222,-73.984569,NYD17,40.749719,-73.987823,NYD18,40.742878,-73.992821,NYD19,40.738228,-73.996209,NYD21,40.725297,-73.996204,NYD22,40.718267,-73.993753,NYF14,40.723402,-73.989938,NYF15,40.718611,-73.988114,NYF16,40.713715,-73.990173,NYF18,40.701397,-73.986751,NYF20,40.686145,-73.990862,NYF21,40.680303,-73.995048,NYF22,40.67358,-73.995959,NYF23,40.670272,-73.989779,NYF24,40.666271,-73.980305,NYF25,40.660365,-73.979493,NYF26,40.650782,-73.975776,NYF27,40.644041,-73.979678,NYF29,40.636119,-73.978172,NYF30,40.629755,-73.976971,NYF31,40.625322,-73.976127,NYF32,40.620769,-73.975264,NYF33,40.61514,-73.974197,NYF34,40.608944,-73.973022,NYF35,40.603217,-73.972361,NYF36,40.596063,-73.973357,NYF38,40.58962,-73.97425,NYF39,40.581011,-73.974574,NYF01,40.712646,-73.783817,NYF02,40.71047,-73.793604,NYF03,40.707564,-73.803326,NYF04,40.70546,-73.810708,NYF05,40.709179,-73.820574,NYF06,40.714441,-73.831008,NYF07,40.718331,-73.837324,NYG08,40.721691,-73.844521,NYG09,40.726523,-73.852719,NYG10,40.729846,-73.861604,NYG11,40.733106,-73.869229,NYG12,40.737015,-73.877223,NYG13,40.742454,-73.882017,NYG14,40.746644,-73.891338,NYG15,40.749669,-73.898453,NYG16,40.752885,-73.906006,NYG18,40.756312,-73.913333,NYG19,40.756879,-73.92074,NYG20,40.752039,-73.928781,NYG21,40.748973,-73.937243,NYF09,40.747846,-73.946,NYF11,40.757552,-73.969055,NYF12,40.760167,-73.975224,NYD14,40.762862,-73.981637,NYG05,40.702147,-73.801109,NYG06,40.700486,-73.807969,NYG07,40.702566,-73.816859,NYG22,40.746554,-73.943832,NYG24,40.744065,-73.949724,NYG26,40.731352,-73.954449,NYG28,40.724635,-73.951277,NYG29,40.712792,-73.951418,NYG30,40.706092,-73.950308,NYG31,40.700377,-73.950234,NYG32,40.694568,-73.949046,NYG33,40.689627,-73.953522,NYG34,40.688873,-73.96007,NYG35,40.688089,-73.966839,NYG36,40.687119,-73.975375,NY101,40.889248,-73.898583,NY103,40.884667,-73.90087,NY104,40.878856,-73.904834,NY106,40.874561,-73.909831,NY107,40.869444,-73.915279,NY108,40.864621,-73.918822,NY109,40.860531,-73.925536,NY110,40.855225,-73.929412,NY111,40.849505,-73.933596,NY112,40.840556,-73.940133,NY113,40.834041,-73.94489,NY114,40.826551,-73.95036,NY115,40.822008,-73.953676,NY116,40.815581,-73.958372,NY117,40.807722,-73.96411,NY118,40.803967,-73.966847,NY119,40.799446,-73.968379,NY120,40.793919,-73.972323,NY121,40.788644,-73.976218,NY122,40.783934,-73.979917,NY123,40.778453,-73.98197,NY124,40.77344,-73.982209,NY125,40.768247,-73.981929,NY126,40.761728,-73.983849,NY127,40.75529,-73.987495,NY128,40.750373,-73.991057,NY129,40.747215,-73.993365,NY130,40.744081,-73.995657,NY131,40.74104,-73.997871,NY132,40.737826,-74.000201,NY133,40.733422,-74.002906,NY134,40.728251,-74.005367,NY135,40.722854,-74.006277,NY136,40.719318,-74.006886,NY137,40.715478,-74.009266,NY138,40.711835,-74.012188,NY139,40.707513,-74.013783,NY142,40.702068,-74.013664,NY228,40.713051,-74.008811,NY229,40.709416,-74.006571,NY230,40.706821,-74.0091,NY231,40.697466,-73.993086,NY232,40.693219,-73.989998,NY233,40.690545,-73.985065,NY234,40.688246,-73.980492,NY235,40.684359,-73.977666,NY236,40.680829,-73.975098,NY237,40.675235,-73.971046,NY238,40.671987,-73.964375,NY239,40.670682,-73.958131,NY248,40.669847,-73.950466,NY249,40.669399,-73.942161,NY250,40.668897,-73.932942,NY251,40.664717,-73.92261,NY252,40.661453,-73.916327,NY253,40.662549,-73.908946,NY254,40.663515,-73.902447,NY255,40.664635,-73.894895,NY256,40.665449,-73.889395,NY257,40.666235,-73.884079,NY241,40.667883,-73.950683,NY242,40.662742,-73.95085,NY243,40.656652,-73.9502,NY244,40.650843,-73.949575,NY245,40.645098,-73.948959,NY246,40.639967,-73.948411,NY247,40.632836,-73.947642,NY601,40.852462,-73.828121,NY602,40.84681,-73.832569,NY603,40.843863,-73.836322,NY604,40.839892,-73.842952,NY606,40.836488,-73.847036,NY607,40.834255,-73.851222,NY608,40.833226,-73.860816,NY609,40.831509,-73.867618,NY610,40.829521,-73.874516,NY611,40.828584,-73.879159,NY612,40.826525,-73.886283,NY613,40.820948,-73.890549,NY614,40.816104,-73.896435,NY615,40.812118,-73.904098,NY616,40.808719,-73.907657,NY617,40.805368,-73.914042,NY618,40.807566,-73.91924,NY619,40.810476,-73.926138,NY401,40.886037,-73.878751,NY402,40.87975,-73.884655,NY405,40.873412,-73.890064,NY406,40.86776,-73.897174,NY407,40.862803,-73.901034,NY408,40.858407,-73.903879,NY409,40.853453,-73.907684,NY410,40.84848,-73.911794,NY411,40.844434,-73.914685,NY412,40.840075,-73.917791,NY413,40.835537,-73.9214,NY414,40.827994,-73.925831,NY415,40.818375,-73.927351,NY416,40.813224,-73.929849,NY621,40.804138,-73.937594,NY622,40.798629,-73.941617,NY623,40.79502,-73.94425,NY624,40.7906,-73.947478,NY625,40.785672,-73.95107,NY626,40.779492,-73.955589,NY627,40.77362,-73.959874,NY628,40.768141,-73.96387,NY629,40.762526,-73.967967,NY630,40.757107,-73.97192,NY631,40.751776,-73.976848,NY632,40.746081,-73.982076,NY633,40.74307,-73.984264,NY634,40.739864,-73.986599,NY635,40.734673,-73.989951,NY636,40.730054,-73.99107,NY637,40.725915,-73.994659,NY638,40.722301,-73.997141,NY639,40.718803,-74.000193,NY640,40.713065,-74.004131,NY418,40.710368,-74.009509,NY419,40.707557,-74.011862,NY420,40.704817,-74.014065,NY423,40.692404,-73.990151,NY201,40.903125,-73.85062,NY204,40.898379,-73.854376,NY205,40.893193,-73.857473,NY206,40.888022,-73.860341,NY207,40.883895,-73.862633,NY208,40.87785,-73.866256,NY209,40.871356,-73.867164,NY210,40.865462,-73.867352,NY211,40.857192,-73.867615,NY212,40.848828,-73.868457,NY213,40.841894,-73.873488,NY214,40.840295,-73.880049,NY215,40.837288,-73.887734,NY216,40.829993,-73.891865,NY217,40.824073,-73.893064,NY218,40.822181,-73.896736,NY219,40.819585,-73.90177,NY220,40.81649,-73.907807,NY221,40.816109,-73.917757,NY222,40.81841,-73.926718,NY301,40.82388,-73.93647,NY302,40.820421,-73.936245,NY224,40.814229,-73.94077,NY225,40.807754,-73.945495,NY226,40.802098,-73.949625,NY227,40.799075,-73.951822,NY501,40.8883,-73.830834,NY502,40.878663,-73.838591,NY503,40.869526,-73.846384,NY504,40.858985,-73.855359,NY505,40.854364,-73.860495,NY701,40.7596,-73.83003,NY702,40.754622,-73.845625,NY705,40.75173,-73.855334,NY706,40.749865,-73.8627,NY707,40.749145,-73.869527,NY708,40.748408,-73.876613,NY709,40.747659,-73.883697,NY710,40.746848,-73.891394,NY711,40.746325,-73.896403,NY712,40.74563,-73.902984,NY713,40.744149,-73.912549,NY714,40.743132,-73.918435,NY715,40.743781,-73.924016,NY716,40.744587,-73.930997,NY718,40.750582,-73.940202,NY719,40.747023,-73.945264,NY720,40.742216,-73.948916,NY721,40.742626,-73.953581,NY723,40.751431,-73.976041,NY724,40.753821,-73.981963,NY725,40.755477,-73.987691,NY902,40.755983,-73.986229,NY901,40.752769,-73.979189,NY726,40.755882,-74.00191,NYQ05,40.784318,-73.947152,NYQ04,40.777891,-73.951787,NYQ03,40.768799,-73.958424,NYS31,40.643748,-74.073643,NYS30,40.636949,-74.074835,NYS29,40.627915,-74.075162,NYS28,40.621319,-74.071402,NYS27,40.603117,-74.084087,NYS26,40.596612,-74.087368,NYS25,40.588849,-74.09609,NYS24,40.583591,-74.103338,NYS23,40.578965,-74.109704,NYS22,40.57348,-74.11721,NYS21,40.56511,-74.12632,NYS20,40.5564,-74.136907,NYS19,40.551231,-74.151399,NYS18,40.544601,-74.16457,NYS17,40.54046,-74.178217,NYS16,40.533674,-74.191794,NYS15,40.525507,-74.200064,NYS14,40.52241,-74.217847,NYS13,40.519631,-74.229141,NYS09,40.512764,-74.251961,NYS11,40.516578,-74.242096,NY